"","Haemophilus_influenzae","Pseudomonas_aeruginosa","Haemophilus_aegyptius","Prevotella_jejuni","Leptotrichia_wadei","Proteus_mirabilis","Enterobacter_ludwigii","Haemophilus_parahaemolyticus","Klebsiella_pneumoniae","Streptococcus_oralis","Enterobacter_kobei","Haemophilus_haemolyticus","Actinomyces_oris","Klebsiella_oxytoca","Salmonella_enterica"
"CH0012",0.189091768598948,53.5661525734208,0,0.0709094132246056,0.0177273533061514,0,0,5.24729657862081,1.92637239260178,0.992731785144478,0,0.283637652898422,0,0.00590911776871713,0.0118182355374343
"TT0019",0.105374077976818,0.00702493853178785,0,0.0421496311907271,0.800842992623815,0,0,1.29961362838075,0.091324200913242,2.40252897787144,0,0.154548647699333,6.11169652265543,0,0.0421496311907271
"TT0006",0.222854069007915,9.42903250595558,0,0.0230538692077154,0.238223315146392,0,0,2.35149465918697,0.560977484054407,4.9565818796588,0,0.238223315146392,0.468762007223546,0,0.0922154768308614
"TT0065",0.0814995925020375,73.906547133931,0,0,0.0814995925020375,0.0135832654170062,0,0.0135832654170062,3.16490084216246,0.298831839174137,0,0.0814995925020375,0.0271665308340125,0,0
"TT0015",6.81818181818182,7.27272727272727,0,0.454545454545455,2.72727272727273,0,0,0,1.36363636363636,1.81818181818182,0,0,0,0,0
"TT0011",0.785559084071536,0.860772187865619,0.00835701153267592,0.0752131037940832,0.376065518970416,0,0,0.167140230653518,0.108641149924787,1.00284138392111,0,0.467992645829851,0.0334280461307037,0,0.0334280461307037
"CH0016",1.27836098882492,0.00846596681341009,0.00846596681341009,0,0,0,0,77.1080257365391,11.4121232644768,0.279376904842533,0,1.46461225871995,0.135455469014561,0.0169319336268202,0.0592617676938706
"KL0043",6.15384615384615,7.69230769230769,0,0,0,0,0,0,4.61538461538462,1.53846153846154,0,0,0,0,0
"KL0022",0.0356930398572278,62.0464009518144,0,1.46341463414634,0.0118976799524093,0,0,0,3.25996430696014,5.62760261748959,0,0,0.0356930398572278,0,0.0118976799524093
"TT0038",0.899513776337115,22.5526742301459,0,0.113452188006483,0.170178282009724,0,0,0,1.19124797406807,6.11021069692058,0,0.0891410048622366,0.559157212317666,0,0.0486223662884927
"CH0050",14.2894461859979,0.0522466039707419,0.104493207941484,0.0130616509926855,0.222048066875653,0,0,0.95350052246604,0.0783699059561128,0.849007314524556,0,0.326541274817137,0.378787878787879,0,0.0130616509926855
"TT0010",0,8,0,0,0,0,0,20,0,0,0,0,0,0,0
"KL0036",59.0062111801242,7.45341614906832,0,0,0,0,0,0,3.1055900621118,0,0,0,0,0,0
"TT0031",0,0.251889168765743,0,0.0157430730478589,0.0157430730478589,0,0,0.0157430730478589,0,0.377833753148615,0,0,0.0787153652392947,0.0157430730478589,0
"CH0018",0,0.17531556802244,0,0.17531556802244,0,0,0,0,0.350631136044881,0,0,0,0,0,0
"KL0023",0.235923246303869,0.0629128656810318,0,12.8499528153507,0.927964768795219,0,0,0,0.0157282164202579,0.45611827618748,0,0,0.188738597043095,0,0.0157282164202579
"KL0008",0.0637958532695375,0.159489633173844,0,0,0.223285486443381,0,0,0,0.0956937799043062,2.0414673046252,0,0,0,0,0
"TT0062",0.0367466927976482,0.0734933855952964,0,1.11464968152866,4.09113179813817,0,0,0,0.636942675159236,1.92307692307692,0,0.0244977951984321,1.984321411073,0,0.0489955903968643
"KL0016",0.792764627065654,0.0334970969182671,0.0111656989727557,0.56945064761054,3.88566324251898,0,0,0,3.84100044662796,0.837427422956677,0,0.0111656989727557,0.357302367128182,0.0111656989727557,0.111656989727557
"KL0019",0,45.1540195341848,0,1.05184072126221,0.300525920360631,0,0,0.0751314800901578,3.23065364387678,0.601051840721262,0,0.150262960180316,0.375657400450789,0,0
"SG0024",0.25304253524521,0.0060248222677431,0.0120496445354862,0.421737558742017,0.741053138932401,0,0,5.39824075189782,0.0783226894806603,6.54898180503675,0,0.650680804916255,0.433787203277503,0.0180744668032293,0.0060248222677431
"TT0029",8.69565217391304,10.8695652173913,0,0,0,0,0,0,4.34782608695652,2.17391304347826,0,0,2.17391304347826,0,6.52173913043478
"SG0003",2.85714285714286,4.76190476190476,0,1.9047619047619,0,0,0,0,0,3.80952380952381,0,3.80952380952381,0,0,0
"CH0023",0.0407788765419513,2.75257416658171,0,0.295646854929147,1.13161382403915,0,0,0,0.214089101845244,0.519930675909879,0,0.0203894382709756,0.754409216026098,0,0.0407788765419513
"TT0043",1.05844454670962,28.3939254486884,0,0,2.07086976530143,0,0,0,2.30096640589047,0.644270593649333,0,0.460193281178095,0.460193281178095,0,0
"KL0026",0.448218919556499,0.436423684831328,0,0.0825666430761972,1.81646614767634,0,0,0,0.306676102854447,2.93701344656759,0,0.318471337579618,8.37461665487143,0,0
"KL0002",0,0.0340483486550902,0,0.192940642378845,0,0,0,0,0.045397798206787,1.99750312109863,0,0.0113494495516967,1.90670752468505,0,0.55612302803314
"CH0030",1.63934426229508,0,0,3.27868852459016,3.27868852459016,0,0,0,1.63934426229508,0,0,0,0,0,1.63934426229508
"KL0020",0.019137535085481,0,0,0,0,0,0,0,0.06379178361827,0.822914008675683,0,0,0,0,0.006379178361827
"KL0006",0.938281901584654,30.1292743953294,0,0,0,0.0834028356964137,4.60800667222686,0.0208507089241034,8.23603002502085,0,2.04336947456214,0,0,0.291909924937448,3.31526271893244
"SG0001",0.142585551330798,0.0475285171102662,0,4.91920152091255,5.41825095057034,0,0.0475285171102662,0,0.30893536121673,2.61406844106464,0,0.0712927756653992,1.85361216730038,0,0.0237642585551331
"TT0025",21.2493159252599,0.0547259792041279,0.117269955437417,0.132905949495739,0.0312719881166445,0,0,0.0156359940583223,0.0234539910874834,0.75834571182863,0,0.609803768274568,0.1407239465249,0,0.0390899851458056
"KL0035",0,0.725163161711385,0,0,0,0,0,0,0.0131847847583888,0,0,0,0,0,0.00659239237919441
"KL0017",0.431965442764579,72.7861771058315,0,0,0,0,0,0,6.26349892008639,0.647948164146868,0,0,0,0,0.215982721382289
"TT0045",0.110390506416448,75.0655443631848,0,0.20698219953084,0.0551952532082241,0,0,0.027597626604112,2.66317096729681,0.400165585759625,0,0.0551952532082241,0.0551952532082241,0.0413964399061681,0.0965916931143922
"SG0006",16.7629450687953,0,0.0210061968280643,0.0840247873122571,0.0840247873122571,0,0.0525154920701607,0,74.9080978888772,0.0630185904841928,0,0.262577460350803,0,0.231068165108707,0.304589854006932
"TT0034",0.464140386571719,7.73143438453713,0.00635808748728382,2.00915564598169,5.25813835198372,0,0,6.79043743641912,0.451424211597152,2.11724313326551,0,1.07451678535097,0.775686673448627,0,0.0190742624618515
"KL0024",0,0.0264550264550265,0,2.38977072310406,0.00881834215167549,0,0,0,0,0.899470899470899,0,0,0.017636684303351,0,0.202821869488536
"KL0003",0.0568537153903008,0,0,1.97850929558247,0.181931889248962,0,0,2.61527090795383,0.00568537153903008,9.56279492864859,0,0.108022059241571,0.0170561146170902,0.00568537153903008,0.0284268576951504
"CH0055",0.158814187400741,0.0132345156167284,0,0.0397035468501853,0.0132345156167284,0,0.092641609317099,0.198517734250926,84.6876654314452,0.224986765484383,0.0132345156167284,0,0.357331921651668,0.317628374801482,0.42350449973531
"KL0009",0.0266619267685745,37.3977959473871,0,0.0355492356914326,0.43547813722005,0,0,0.0266619267685745,1.99964450764309,0.0710984713828653,0,0,0.293281194454319,0,0.106647707074298
"TT0017",12.7272727272727,30.9090909090909,0,0,0,0,0,0,3.63636363636364,0,0,0,0,0,0
"CH0001",0.691383631492524,0.0950652493302221,0,0.674099040705211,0.760521994641777,0,0,7.67435830956702,0.0345691815746262,1.34819808141042,0,0.769164290035433,0.0518537723619393,0.0172845907873131,0.0259268861809697
"KL0037",0.902255639097744,4.3609022556391,0,0,0.300751879699248,0.300751879699248,0,0,3.60902255639098,0.75187969924812,0,0.601503759398496,0,0,0
"AL0002",0,9.83606557377049,0,0,0,0,0,0,0,0,0,0,0,11.4754098360656,0
"KL0029",47.7083333333333,0.208333333333333,0.416666666666667,0,0.520833333333333,0,0,0,0.9375,0.833333333333333,0,0.3125,0.104166666666667,0,0.3125
"KL0007",0.287289385821881,0.100939513937417,0,1.2190387452442,1.76255920490721,0,0,0.0854103579470456,0.108704091932603,4.78298004503455,0,0.76869322152341,0.636695395605249,0,0.00776457799518596
"KL0042",0,6.32911392405063,0,0,0,0,0,0,0,0,0,0,1.26582278481013,0,0
"KL0027",0.0220329024676851,72.7012338425382,0,0.0807873090481786,0.0514101057579318,0,0,0,3.32696827262045,0.418625146886016,0,0.00734430082256169,0,0.0146886016451234,0.0146886016451234
"KL0041",0,0,0,0,0,0,0,0,6.45161290322581,0,0,0,0,0,12.9032258064516
"TT0009",0.00930578820026056,93.3370556486134,0,0.0372231528010422,0,0,0,0,4.65289410013028,0,0,0,0,0.0186115764005211,0.00930578820026056
"TT0030",0.255115056890658,21.1184244094086,0,0.693912954742589,3.07668758610133,0,0,13.1282208275932,0.693912954742589,0.994948721873565,0,0.244910454615031,0,0,0.0561253125159447
"KL0021",0.549868877421538,0.00845952119110058,0,0.109973775484308,0.00845952119110058,0,0.00845952119110058,0,1.4381186024871,1.09127823365198,0,0.177649945013112,0.177649945013112,0.0338380847644023,0.0930547331021064
"CH0020",4.08163265306122,4.08163265306122,0,0,0,0,0,0,25.5102040816327,0,0,0,0,0,2.04081632653061
"CH0019",0,0,0,8.69565217391304,0,0,0,6.52173913043478,0,0,0,0,0,0,0
"KL0040",0.425531914893617,8.51063829787234,0,0,0,0,0,0,3.82978723404255,0,0,0,0,0,0.851063829787234
"TT0012",0.207161882213673,67.8307191476768,0,0,0.0295945546019532,0,0,3.40337377922462,2.63391535957384,0.887836638058597,0,0.177567327611719,0.177567327611719,0,0.147972773009766
"SG0012",1.77825516171381,0.0119345984007638,0,0.423678243227115,0.0119345984007638,0,0,0.0835421888053467,0.0179018976011457,0.817519990452321,0,0.948800572860723,0.441580140828261,0,0.0298364960019095
"KL0031",0.249908570035353,34.7251005729611,0,0.0487626478117762,0.0304766548823601,0,0,0.0182859929294161,1.73107399731805,0.335243203705961,0.00609533097647202,0.195050591247105,0.012190661952944,0,0.0548579787882482
"TT0005",0.165128703254007,0.106847984458475,0,0.0194269062651773,0.0777076250607091,0.00971345313258863,0.0777076250607091,0.0582807187955318,75.4152501214182,0.505099562894609,0,0.165128703254007,0.0679941719281204,0.437105390966489,0.330257406508014
"KL0014",0.0331748313612739,0.0331748313612739,0,0.0663496627225478,0,0,0.187990711047219,0,9.99668251686387,0.0221165542408493,0.0110582771204246,0,0,0.0774079398429725,0.176932433926794
"KL0025",0.248447204968944,58.3850931677019,0,0.745341614906832,1.11801242236025,0,0,0,4.34782608695652,0.745341614906832,0,0,0.993788819875776,0,0.124223602484472
"KL0028",20.5297122882495,0.013444474321054,0.147889217531595,0.282333960742135,2.75611723581608,0,0,0,0.295778435063189,1.76122613605808,0,0.389889755310567,0.295778435063189,0,0.0941113202473783
"KL0012",0,23.7310195227766,0,0,0,0.0216919739696312,0,0.0108459869848156,0.867678958785249,0,0,0,0,0,0.0108459869848156
"KL0039",0.180505415162455,0.0270758122743682,0,0,0.243682310469314,0.0180505415162455,0.189530685920578,0,61.5974729241877,0.036101083032491,0.00902527075812274,0,0,0.487364620938628,0.586642599277978
"KL0018",0.309889517650229,0.0898230485942693,0,0.0314380670079943,0.179646097188539,0,0,0.00898230485942693,0.058384981586275,1.76502290487739,0,0.359292194377077,0.170663792329112,0,0
"SG0028",0.60882800608828,0.507356671740233,0,1.42059868087265,5.2257737189244,0,0,2.63825469304921,0.15220700152207,2.181633688483,0,1.06544901065449,0.101471334348047,0,0
"TT0014",1.58730158730159,12.6984126984127,0,0,0,0,0,0,3.17460317460317,4.76190476190476,0,0,0,0,0
"KL0004",0.0493827160493827,15.8271604938272,0,0.320987654320988,0,0,0,0,2.24691358024691,5.60493827160494,0,0,0.0740740740740741,0,0.0493827160493827
"TT0063",4.26379906752895,0.0375996390434652,0.0225597834260791,6.82809445029328,0.736952925251918,0,0,0.210557978643405,0.0150398556173861,3.24860881335539,0,0.353436607008573,0.413596029478117,0,0.0526394946608513
"SG0002",17.3482032218092,0.123915737298637,0.0929368029739777,0.278810408921933,0.0309789343246592,0,0,0,0,0.836431226765799,0,0.0309789343246592,0,0,0
"CH0006",0,0,0,4.34782608695652,0,0,0,7.2463768115942,2.89855072463768,0,0,0,0,0,0
"CH0035",0.0745341614906832,0.267080745341615,0,0.565217391304348,2.04347826086956,0,0,0.0869565217391304,1.09316770186335,6.33540372670807,0,0.173913043478261,1.07453416149068,0,0.0434782608695652
"KL0013",0.0630517023959647,25.6830601092896,0,0,0,0,0,0,1.29255989911728,0.0105086170659941,0,0,0,0.0105086170659941,0
"CH0039",6.59340659340659,1.0989010989011,0,0,0,0,0,0,0,0,0,0,0,0,0
"TT0021",0.678163146677001,0.155008719240457,0,0.0775043596202286,0.213136988955629,0,0.0193760899050572,16.0046502615772,0.523154427436543,1.41445456306917,0,0.193760899050572,0.193760899050572,0,0.251889168765743
"TT0067",0.547445255474453,0.182481751824818,0,0,0,0,0,16.0583941605839,0,3.7712895377129,0,0,1.39902676399027,0,0
"TT0061",1.54048933190543,0,0.0247137325974133,0.337754345497982,11.3765549056759,0,0,0.00823791086580443,0.00823791086580443,1.1203558777494,0,0.00823791086580443,1.77115083614795,0,0.057665376060631
"SG0025",0.121265571601808,0.0440965714915665,0,0,0.0220482857457833,0,0.0330724286186749,0,92.5807518465439,0,0.0110241428728916,0,0,0.396869143424099,0.352772571932532
"AL0003",5.55555555555556,10.3174603174603,0,0,0,0,0,0,0,0,0,0,2.38095238095238,0,0
"TT0069",0.0493137174323991,0.0493137174323991,0,0.0246568587161996,0.830114243445385,0,0,0.00821895290539985,0.246568587161996,0.953398537026383,0,0.00821895290539985,5.02178022519931,0,0.00821895290539985
"TT0049",69.9895615866388,0.887265135699374,1.46137787056367,0,0.156576200417537,0,0,0.939457202505219,1.20041753653445,2.08768267223382,0,0.521920668058455,0.0521920668058455,0,0.208768267223382
"TT0042",3.41085271317829,11.7829457364341,0,0,0,0,0,1.3953488372093,0.465116279069767,0,0,1.70542635658915,0,0,0
"TT0059",1.8005540166205,0.277008310249307,0,1.98522622345337,1.15420129270545,0,0.0461680517082179,1.13111726685134,0.738688827331487,1.66204986149584,0,0.300092336103416,1.82363804247461,0.023084025854109,0.554016620498615
"TT0016",54.7248182762201,0.207684319833853,0.363447559709242,0.0519210799584631,1.92107995846314,0,0,1.81723779854621,0,1.24610591900312,0,1.03842159916926,0.363447559709242,0,0.0519210799584631
"KL0010",0.461721775394698,0.15638963360143,0,0.260649389335716,1.48942508191838,0,0,0.141495382782246,0.0074471254095919,1.95114685731308,0,0.379803395889187,0.148942508191838,0,0.0372356270479595
"TT0018",0.499265785609398,14.2217327459618,0,1.02790014684288,1.18208516886931,0,0,0.190895741556535,0.624082232011747,1.74743024963289,0,0.345080763582966,0.139500734214391,0,0.0440528634361234
"TT0048",0.451127819548872,5.11278195488722,0,3.35839598997494,1.10275689223058,0,0,0.300751879699248,0.50125313283208,0.601503759398496,0,0.150375939849624,1.55388471177945,0,0.300751879699248
"SG0031",0,86.5718398103463,0,0.00846668360003387,0.00846668360003387,0,0,0.00846668360003387,3.91160782321565,0.0169333672000677,0,0,0,0,0.127000254000508
"CH0022",18,0,0,0,0,0,0,0,4,8,0,0,0,0,0
"TT0051",0,0,0,0,0,0,0,0,0,4.54545454545455,0,0,0,0,0
"TT0060",0.148483348653044,83.6314784699144,0,0.0353531782507247,0,0.0424238139008697,0.0141412713002899,0.219189705154493,3.52117655377218,0.289896061655943,0,0.120200806052464,0,0.0282825426005798,0.0282825426005798
"KL0011",0.564577960549244,0.0627308845054715,0,1.27552798494459,3.05987314421133,0,0,1.37310936084199,0.0697009827838573,4.32146093259915,0,1.8052554541019,0.230013243186729,0,0.0139401965567715
"TT0003",0.411919368974584,0.148992112182296,0,0.271691498685364,0.289219982471516,0,0,4.58369851007888,0.201577563540754,4.16301489921122,0,1.26205083260298,0.219106047326906,0,0.035056967572305
"AL0004",0,0,0,0,0,0,0,0,0,12.1951219512195,0,0,0,0,0
"TT0053",0.0449652924149172,0.328808700784082,0,0.00281033077593233,0.00843099232779698,0.0814995925020375,0,0,0.0140516538796616,0.00562066155186465,0,0,0.00562066155186465,0,0
"CH0038",2.85714285714286,0,0,0,0,0,0,0,7.14285714285714,8.57142857142857,0,0,0,0,0
"DU0089",0.464641885766092,0.056663644605621,0,0.0226654578422484,0.101994560290118,0,0,0.0113327289211242,0.0339981867633726,0.78195829555757,0,0.113327289211242,0,0,0.0113327289211242
"DU0002",95.1384761678355,0.0832045643646737,0.974682039700464,0.0118863663378105,0.0475454653512421,0,0,0.0475454653512421,0.0475454653512421,0.0594318316890527,0,1.3550457625104,0,0,0.0237727326756211
"DU0005",0.702556980638837,0.0408463360836533,0.00816926721673066,0.0898619393840373,0,0,0,0,0.024507801650192,2.33641042398497,0,0.0163385344334613,0,0,0.0735234049505759
"DU0064",38.5786130227634,16.2188988883007,0.304393859184754,0.092641609317099,0.80068819481207,0,0,0,0.668343038644786,1.11831656961355,0,0.588935944944415,0.165431445209105,0,0.0330862890418211
"DU0010",66.0623370172607,0,0.525684010099756,0.0124177325220415,0.753342439670516,0,0,0.480152324185604,0.0165569766960553,2.66153400389089,0,2.33039446996978,0.426342149923424,0,0.0331139533921106
"DU0013",0.410076157000586,2.40187463386057,0,0.175746924428822,0.117164616285882,0,0,0.820152314001172,1.05448154657293,0.761570005858231,0,0.351493848857645,0.70298769771529,0,0.117164616285882
"DU0038",27.8056741149887,0.0878734622144112,0.251067034898318,0.00627667587245795,0.0376600552347477,0,0,0.0627667587245795,0.0376600552347477,0.420537283454682,0,0.728094401205122,0.282450414260608,0,0.119256841576701
"DU0059",7.56437768240343,0.0268240343347639,0.150214592274678,0.0214592274678112,0.139484978540773,0,0,0.734978540772532,0.0107296137339056,6.99570815450644,0,0.402360515021459,1.45922746781116,0,0.00536480686695279
"DU0099",36.0362955494743,0.072014979115656,0.763358778625954,0.374477891401412,0.230447933170099,0,0,6.7838110326948,0.0144029958231312,2.41970329828604,0,1.67074751548322,0.273656920639493,0,0.0288059916462624
"DU0083",1.24688279301746,0,0,0,0,0,0,0,0.997506234413965,4.48877805486284,0,0,11.7206982543641,0,0
"DU0087",60.2910602910603,0.0328263486158223,0.454097822518875,0.372031950979319,5.06619980304191,0,0,0,0.0218842324105482,0.295437137542401,0,0.722179669548091,3.26622168727432,0,0.0656526972316446
"DU0058",0.109712437925857,0.0115486776764061,0,0.0923894214112484,0.265619586557339,0,0,0,0.0519690495438272,4.5848250375332,0,0.0692920660584363,21.0301420487354,0,0.0461947107056242
"DU0019",51.5404671952323,0.622572234342574,0.271377640610866,0,0.00532113020805619,0,0,0.00532113020805619,0.0372479114563933,7.74756558292981,0,0.606608843718406,0.0106422604161124,0,0.0212845208322248
"DU0012",7.85169029443839,37.6226826608506,0,0,0.436205016357688,0,0,1.52671755725191,4.36205016357688,0.654307524536532,0,0.436205016357688,1.09051254089422,0,0
"DU0017",14.0257771038666,0.173291454565147,0.032492147730965,0.0433228636412867,0,0,0,0.0216614318206433,0.0216614318206433,2.49106465937398,0,0.617350806888335,0.162460738654825,0,0.032492147730965
"TBS466",0.236779794790845,0,0,0.0789265982636148,1.10497237569061,0,0,0,0.368324125230203,0.263088660878716,0,0,0.236779794790845,0,0.15785319652723
"TBS556",1.16279069767442,1.16279069767442,0,0,0,0,0,0.581395348837209,2.32558139534884,1.74418604651163,0,0,1.74418604651163,0,0
"TBS516",13.6738578680203,0.00793147208121827,0.118972081218274,0.158629441624365,0.943845177664975,0,0,0.0158629441624365,0.0158629441624365,2.27633248730964,0,0.904187817258883,0.753489847715736,0,0.0951776649746193
"TTS1301",50,0.819672131147541,1.91256830601093,0,0,0,0,0,1.63934426229508,0.819672131147541,0,1.63934426229508,0,0,0
"TBS277",7.12203248646397,0.0832986255726781,0.208246563931695,0.0832986255726781,0,0,0,0,0.666389004581424,0.749687630154102,0,0.208246563931695,0,0,0.166597251145356
"TBS035",7.72861356932153,7.78761061946903,0.23598820058997,0.23598820058997,0.23598820058997,0,0,2.12389380530973,0.707964601769911,1.88790560471976,0,1.00294985250737,0.589970501474926,0,0
"TBS524",77.4647887323944,0.704225352112676,0.821596244131455,0,0,0,0,0,0.704225352112676,0.704225352112676,0,1.99530516431925,0,0,0
"TBS442",0.233605873519106,0.0500584014683798,0,0,0,0,0,0,0.10011680293676,5.60654096445854,0,0.0166861338227933,0,0.0166861338227933,0.116802936759553
"TBS664",0.151630022744503,0,0,0.0758150113722517,1.51630022744503,0,0,0,0.303260045489007,15.0871872630781,0,0.0758150113722517,0.379075056861259,0,0
"TBS469",80.5857189865087,0.131622244159263,0.822639025995393,0.0987166831194472,0.164527805199079,0,0,0,0.164527805199079,0.263244488318526,0,1.48075024679171,0.0658111220796315,0,0.0658111220796315
"TTS1194",0.121882617663604,0.00937558597412338,0,0.121882617663604,3.99399962497656,0,0,2.55015938496156,0.0562535158447403,2.27826739171198,0,0.121882617663604,1.6032252015751,0,0.0187511719482468
"TBS349",0.12583486593747,0.0290388152163392,0,0.0483980253605653,0.0193592101442261,0,0,0,0.0193592101442261,10.4346142677379,0,0.0580776304326783,0.319426967379731,0.00967960507211306,0.0387184202884522
"TBS160",0.111152278621712,94.4917870816352,0,0,0,0,0,0,4.38433987896752,0.0494010127207608,0,0,0,0.0247005063603804,0.0123502531801902
"TTS1189",0.269632625547691,0.0112346927311538,0,6.04426468936075,11.032468261993,0,0,0,0.0224693854623076,2.97719357375576,0,0.134816312773846,2.87608133917537,0,0
"TTS1170",6.70995670995671,0.432900432900433,0,0,0,0,0,0,0,0.216450216450216,0,0,0,0,0.432900432900433
"TTS1210",1.54716710837333,0.0214884320607406,0,0.694792636630614,4.11861614497529,0,0,0.300838048850369,0.0143256213738271,3.42382350834467,0,0.873862903803452,0.171907456485925,0,0.0143256213738271
"TTS1149",0.301402175337439,0.0524177696239025,0,0.982833180448172,1.04835539247805,0.0393133272179269,0.0131044424059756,0,0.760057659546586,0.235879963307561,0.0393133272179269,0.0262088848119513,0.327611060149391,0.563491023456952,0.825579871576464
"TTS1134",39.2641007020092,0,0.447833454369402,1.05301379811184,0.0605180343742435,0.0242072137496974,0,0,0.0242072137496974,8.01258775114984,0,0.702009198741225,0.0484144274993948,0,0.145243282498184
"TTS1118",0.280561122244489,0.0200400801603206,0,1.28256513026052,2.88577154308617,0,0,0.240480961923848,0.120240480961924,6.97394789579158,0,0,0.240480961923848,0,0
"TTS1120",0.0805369127516778,0.0805369127516778,0,0.894854586129754,8.55480984340045,0,0,0.0357941834451902,0.0268456375838926,2.96196868008949,0,0.214765100671141,0.572706935123042,0,0.0536912751677852
"TTS1203",0,2.9045643153527,0,0,0,0,0,2.4896265560166,0,0,0,0,1.6597510373444,0,0
"TTS1188",0.51685393258427,0,0,0.98876404494382,1.2247191011236,0,0,0.0224719101123595,0.0224719101123595,0.674157303370786,0,1.30337078651685,0.0449438202247191,0,0.0112359550561798
"DU0047",0.0323171388559733,93.4503931918561,0,0,0,0.107723796186578,0,0,4.50285468059894,0.0646342777119466,0,0,0,0.0323171388559733,0.107723796186578
"DU0076",0.279159033411847,0.0348948791764809,0,0.0174474395882404,0.0436185989706011,0,0,0.0348948791764809,0,7.79028177614935,0,0.0785134781470819,1.79708627758876,0,0.0610660385588415
"DU0034",0.560828300258844,10.2818521714121,0,0,0.0575208513085994,0.00719010641357492,0,2.60281852171412,0.42421627840092,3.05579522576934,0,0.94909404659189,0.186942766752948,0,0.0503307448950244
"DU0071",0.0401284109149278,0,0,0.321027287319422,0.0802568218298555,0,0,0.0401284109149278,4.17335473515249,5.41733547351525,0,0,0,0,0.160513643659711
"DU0077",0.147432222131215,0,0.0081906790072897,0.114669506102056,0.0573347530510279,0,0,0,0.0081906790072897,8.02686542714391,0,0.0245720370218691,0.0081906790072897,0,0.081906790072897
"DU0004",2.67234701781565,0.0516395558998193,0,0.32274722437387,0.0129098889749548,0,0,0,1.6008262328944,7.83630260779757,0,0.245287890524141,0.271107668474051,0,0.103279111799639
"TBS365",0.137779002480022,0.0895563516120143,0,0,0,0.0137779002480022,0.0344447506200055,0,1.14356572058418,0,0,0,0,0.068889501240011,0.475337558556076
"TBS425",0.0304259634888438,93.6612576064909,0,0,0,0,0,0,4.62474645030426,0.111561866125761,0,0,0,0,0.0101419878296146
"TBS011",1.26861867814465,5.82205357648525,0.0169904287251515,0.0226539049668687,0.033980857450303,0,0.0169904287251515,18.3949708330974,0.900492722433029,0.968454437333635,0.00566347624171717,2.69581469105737,0.152913858526363,0.243529478393838,0.152913858526363
"TTS1223",67.8046843985709,0.357284636760619,0.992457324335054,0,0.0793965859468043,0,0,0.0396982929734021,0.0793965859468043,0.436681222707424,0,2.22310440651052,0.238189757840413,0,0
"TBS387",0.0897144968072194,0,0,0,0,0.0105546466832023,0.0158319700248034,0,0.559396274209721,0.0474959100744103,0,0,0,0.226924903688849,0.411631220644889
"TBS596",0.0602513341366845,93.7424685832329,0,0.0172146668961956,0,0,0,0,3.70115338268205,0.0258220003442933,0,0,0.00860733344809778,0.00860733344809778,0
"TTS1204",0.0542505289426572,0.0488254760483915,0,0.743232246514404,4.15016546411328,0,0,0,0.0217002115770629,1.04161015569902,0,0.00542505289426572,1.74686703195356,0.00542505289426572,0.0325503173655943
"TBS480",0.152858453072455,0,0,0,0,0,0.137572607765209,0,43.3812289819627,0.703148884133293,0.0152858453072455,0,0,0.336288596759401,0.687863038826047
"TBS150",1.88205771643664,4.39146800501882,0,0,0,0,0,1.00376411543287,0,2.50941028858218,0,0,0.250941028858218,0,0.501882057716437
"TBS165",0.0333259275716507,0,0,0.46656298600311,0.122195067762719,0,0,0.00555432126194179,0.15552099533437,2.19395689846701,0,0.0222172850477672,0.31104199066874,0,0.0111086425238836
"TTS1214",0.501631814335791,0,0,0.108787622386075,1.51698295660583,0,0,0,0.0483500543938112,4.71413030339659,0,0.0725250815907168,0.525806841532697,0,0.0362625407953584
"TTS1146",6.45161290322581,0,0,0,0,0,0,0,8.06451612903226,0,0,0,0,0,4.83870967741935
"TTS1200",0.429184549356223,0.546234880998829,0,0.156067108856808,0,0,0,0,0.195083886071011,0.468201326570425,0,0,0,0,0
"TTS1111",0.911161731207289,8.76450808113678,0,0.0325414904002603,0.0650829808005207,0,0,3.80735437683046,0.542358173337672,3.73142423256318,0,1.41013125067795,0.368803557869617,0,0.0216943269335069
"TTS1115",17.6243093922652,0,0.441988950276243,1.10497237569061,3.53591160220995,0.110497237569061,0,0,0,1.87845303867403,0,0.331491712707182,0,0,0.110497237569061
"DU0074",2.24028113331869,0.0658906215681968,0,0.636942675159236,0.109817702613661,0,0,0,0.153744783659126,10.3667911267296,0,0.285526026795519,1.31781243136394,0,0
"DU0063",33.5863697705803,0.0337381916329285,0.193994601889339,1.35796221322537,0.953103913630229,0,0,0.00843454790823212,0.0168690958164642,2.47975708502024,0,1.17240215924426,0.666329284750337,0,0.0253036437246964
"DU0007",3.22033898305085,3.89830508474576,0,2.71186440677966,0.677966101694915,0,0,4.74576271186441,2.3728813559322,1.1864406779661,0,1.01694915254237,0.508474576271186,0,0
"TBS385",25.9970457902511,0,0.0738552437223043,0.960118168389956,0.0738552437223043,0,0,0,0.51698670605613,2.58493353028065,0,0.221565731166913,0,0,0
"TBS396",88.0152963671128,0.0152963671128107,0.795411089866157,0.0305927342256214,0,0,0,0.0305927342256214,0,0.275334608030593,0,1.17782026768642,0.0152963671128107,0,0.0152963671128107
"TBS435",85.4614850798057,0,0.763358778625954,0,0,0,0,0,0.138792505204719,0.138792505204719,0,1.56141568355309,0.416377515614157,0,0.277585010409438
"TBS461",0.218579234972678,0,0,0.109289617486339,0,0,0,0,0,2.84153005464481,0,0.437158469945355,0,0,0.546448087431694
"TBS467",0.0657462195923734,0,0,0,0,0,0,0,0.142450142450142,2.69559500328731,0.0109577032653956,0,0.0438308130615823,0.0109577032653956,0.0328731097961867
"TBS672",1.58730158730159,0,0,0,0,0,0,0,2.22222222222222,1.58730158730159,0,0,0,0.952380952380952,0.952380952380952
"TTS1205",0.270489586150933,0.0540979172301866,0,2.13686773059237,1.24425209629429,0,0,0,0,2.59670002704896,0,0.0270489586150933,1.81228022721125,0,0.135244793075467
"TTS1330",85.4199683042789,0.118858954041204,0.752773375594295,0.118858954041204,0.118858954041204,0,0,0.0792393026941363,0.0792393026941363,0.237717908082409,0,2.6148969889065,0,0,0
"TTS1320",0.0445583156956667,0.0891166313913334,0,3.58694441350117,0.0111395789239167,0,0.0222791578478334,0.155954104934833,0.245070736326167,2.06082210092459,0,0.0445583156956667,0.211651999554417,0.144814526010917,0.178233262782667
"TBS006",1.42664353190669,0.00963948332369385,0,10.4202814729131,1.37844611528822,0,0,2.15924426450742,0.0385579332947754,1.60979371505687,0,1.83150183150183,0.221708116444959,0,0.0385579332947754
"TBS663",91.0499524528724,0.0111875594339095,0.839066957543212,0.00559377971695475,0.0503440174525927,0,0,0.00559377971695475,0.00559377971695475,0.246126307546009,0,1.38166359008782,0.0391564580186832,0,0.067125356603457
"TBS670",0.103425985778927,0.0452488687782805,0,0.161603102779573,0.0711053652230123,0,0,0,0.0193923723335488,2.81189398836458,0,0.0193923723335488,1.82288299935359,0,0.00646412411118294
"TTS1131",0.11463507833397,78.9453572793275,0,0,0,0,0,0,4.06954528085594,0.324799388612916,0,0.019105846388995,0.15284677111196,0,0.019105846388995
"TBS656",84.2660178426602,0.16220600162206,2.91970802919708,0,0,0,0,0,0,0,0,2.59529602595296,0,0,0
"TBS479",0.102354145342886,0.307062436028659,0,0,0,0,0,0,0.102354145342886,0.716479017400205,0,0,0,0,0.204708290685773
"TTS1272",0.382701875239189,0.0765403750478377,0,16.9536930730961,3.63566781477229,0,0,0.0765403750478377,0.114810562571757,3.86528893991581,0,0,0,0,0.0382701875239189
"TBS668",67.7075399847677,0,1.06626047220107,2.74181264280274,2.05635948210206,0,0,0,0,1.06626047220107,0,0.913937547600914,0.152322924600152,0,0.304645849200305
"TTS1263",20.2415181138585,0.115008625646924,1.09258194364577,0.690051753881541,1.26509488211616,0,0,0,0,2.41518113858539,0,1.9551466359977,0.0575043128234618,0,0.115008625646924
"TBS468",0.0839630562552477,56.0873215785055,0,0,0.00839630562552477,0.0503778337531486,0.00839630562552477,0.0167926112510495,4.76070528967254,0.117548278757347,0,0.00839630562552477,0.134340890008396,0.0167926112510495,0.125944584382872
"TBS671",0.424853956452469,0.318640467339352,0,0.424853956452469,0.265533722782793,0,0,0,3.9830058417419,1.59320233669676,0,0,0,0,0
"TBS002",0.354459095420389,0.879058556642563,0,0.0425350914504466,0.170140365801786,0,0.0141783638168155,0.25521054870268,0.326102367786757,3.95576350489154,0,0.0850701829008932,0.0708918190840777,0,0.396994186870835
"TTS1160",90.709773318469,0.111482720178372,0.873281308063917,0,0.0371609067261241,0,0,0,0,0.222965440356745,0,1.17056856187291,0,0,0.0929022668153103
"TTS1212",0.181620050853614,90.3741373047584,0,0,0.0363240101707228,0,0,0.108972030512169,5.5575735561206,0.108972030512169,0,0,0,0,0.0726480203414457
"TTS1106",0.017650692789692,0.097078810343306,0,0.555996822875298,0.591298208454682,0,0,0,0,8.59588738858,0,0.052952078369076,0.4412673197423,0,0.008825346394846
"TTS1108",0.314518871132268,0,0,0.943556613396804,12.85277116627,0,0,0.0425025501530092,0.212512750765046,1.78510710642639,0,0.204012240734444,0.952057123427406,0.00850051003060184,0.0255015300918055
"TTS1116",3.53535353535354,0.505050505050505,0,0,0,0,0,0,0,1.01010101010101,0,2.02020202020202,0,0,0
"TTS1122",76.1194029850746,0,0.565719788155994,0.987000481463649,0.0361097737120847,0,0,0.0120365912373616,0.0481463649494463,0.698122291766972,0,1.63697640828117,0,0,0.216658642272508
"IT338",0.0458715596330275,0.103211009174312,0,0,0,0,0,0.0114678899082569,0.0688073394495413,0.0573394495412844,0,0.0458715596330275,0,0,0.0688073394495413
"IT381",1.74688953123036,11.310795525952,0,0.45243182103808,0.314188764609778,0,0,9.08633907251477,0.326756315194169,0.276486112856604,0,8.21917808219178,0.0251351011687822,0,0.0377026517531733
"IT361",0.434634395772967,0,0,0.434634395772967,1.38912561786262,0,0,0.894835520709051,0.0767001874893472,1.67035963865689,0,0.98005795125277,0.247145048576785,0,0.0596557013806034
"IT148",0.218277066356228,90.162980209546,0,0.0582072176949942,0.0436554132712456,0.0145518044237485,0,0.0873108265424913,4.38009313154831,0.232828870779977,0,0.0145518044237485,0,0,0.0291036088474971
"IT230",41.5871804654712,0.495993895459748,0.877527661198016,0,0,0,0,0,0.267073636016788,0.152613506295307,0,0.267073636016788,0,0.0381533765738268,0.419687142312095
"IT254",1.17351215423303,0.230511316010059,0,0.377200335289187,2.74518021793797,0,0,0.167644593461861,0.251466890192791,1.04777870913663,0,2.03269069572506,1.04777870913663,0,0.0628667225481978
"IT311",0.0263177682532521,0.0150387247161441,0,0.281976088427701,0,0,0,0.0112790435371081,0,0.691781336942627,0,0.00751936235807204,0.251898638995413,0,0.0150387247161441
"IT202",63.8708407166765,0.078755660563103,0.354400472533963,0.27564481197086,1.77200236266982,0,0,0,0.157511321126206,0.236266981689309,0,1.06320141760189,0.0196889151407757,0,0.0393778302815515
"IT226",73.0628152223751,0.458505272810637,0.481430536451169,0,0.183402109124255,0,0,0.917010545621275,0.0917010545621275,1.077487391105,0,1.37551581843191,0,0,0
"TBE0005",0.0770152319014205,95.3534143419476,0,0,0.0427862399452336,0,0,0,3.16618175594729,0.00855724798904672,0,0.00855724798904672,0,0.00855724798904672,0
"TH0008",83.3433393369355,0.0266826762724301,0.793809619104796,0.00667066906810753,0.0200120072043226,0,0,0.280168100860516,0,0.0333533453405377,0,1.40751117337069,0.00667066906810753,0,0.0200120072043226
"TBE0015",0.727435510044206,0.00559565776957081,0,1.23664036707515,2.34458060545017,0,0,14.8508757204409,0.0447652621565665,2.06479771697163,0,0.912092216440043,0.442056963796094,0,0.0223826310782833
"TBE0013",0.264620269912675,0.145541148451971,0,0.277851283408309,0.0793860809738026,0,0,0.0661550674781688,0.10584810796507,0.330775337390844,0,0.0793860809738026,0.0661550674781688,0,0.0264620269912675
"SBE0007",0.266311584553928,0.00832223701731025,0,2.762982689747,6.17509986684421,0,0,0.515978695073236,0.0166444740346205,1.16511318242344,0,0.382822902796272,0.249667110519308,0,0.0499334221038615
"IT236",3.56353231889713,76.1997658993367,0.013005592404734,0.104044739237872,0.468201326570425,0,0,0,3.0953309923267,0.273117440499415,0,0.117050331642606,0.0390167772142021,0,0.0390167772142021
"IT309",5.74765637006301,1.38312586445367,0.0153680651605963,0.0768403258029814,0.0461041954817888,0,0,0.0922083909635777,0.107576456124174,4.33379437528815,0,1.47533425541724,0.0614722606423851,0,0.0614722606423851
"SBE0011",0.328812166050144,0.082203041512536,0,0.10275380189067,0.143855322646938,0,0,0,88.6148787505138,0.041101520756268,0.082203041512536,0.020550760378134,0.082203041512536,0.143855322646938,0.61652281134402
"IT261",0.229166666666667,94.6666666666667,0,0,0.104166666666667,0,0,0,3.66666666666667,0,0,0,0.0208333333333333,0,0.104166666666667
"SBE0009",0.249500998003992,0,0,1.34730538922156,5.33932135728543,0,0,6.0878243512974,0.29940119760479,7.73453093812375,0,0,1.34730538922156,0,0.149700598802395
"TBE0001",0.0256060088767497,92.9924889040628,0,0,0,0.0426766814612496,0,0.0170706725844998,3.80675998634346,0.0682826903379993,0,0.0341413451689997,0.00853533629224991,0,0.00853533629224991
"TBE0011",0.00473193583495008,0.132494203378602,0,0.00946387166990016,0.0236596791747504,0,0,0.0236596791747504,0.0189277433398003,0.0189277433398003,0,0.0236596791747504,0.00473193583495008,0,0.00473193583495008
"SBE0015",60.3458325238003,0.213716728191179,0.330289489022732,0.388575869438508,0.680007771517389,0,0,0.369147075966582,0,0.816009325820866,0,2.89489022731688,0.116572760831552,0,0
"TH0007",0.0554477405045744,1.55253673412808,0,0.0158422115727356,0.0158422115727356,2.95853301120836,0,0,0.0910927165432294,0.0435660818250228,0,0.0158422115727356,0,0.0594082933977583,0.0673293991841261
"SBE0010",0.536638344087395,0.00638855171532614,0.00638855171532614,0.0319427585766307,0.511084137226091,0,0,5.37277199258928,0.0319427585766307,1.91656551459784,0,1.32243020507251,0.287484827189676,0,0.0511084137226091
"TBE0007",0.161174785100287,76.0476361031519,0,0.152220630372493,1.31626074498567,0.0179083094555874,0,0.0358166189111748,3.28617478510029,0.277578796561605,0,0.0984957020057307,0.0268624641833811,0,0.0179083094555874
"TBE0004",3.51680366247009,0.0520237228176048,0.0208094891270419,0.405785037977318,0.0312142336905629,0,0.010404744563521,0.135261679325773,0.0416189782540839,0.343356570596192,0,1.20695036936843,0,0.010404744563521,0.0416189782540839
"TBE0014",0.754949541637778,0.0385178337570295,0,0.508435405592789,0.847392342654649,0,0,0.285031969802018,0.0924428010168708,1.01687081118558,0,0.477621138587166,0.077035667514059,0.0077035667514059,0.0154071335028118
"TH0016",0.703703703703704,0.00617283950617284,0,0.0925925925925926,0.185185185185185,0,0,8.26543209876543,0.0308641975308642,0.438271604938272,0,0.814814814814815,0.00617283950617284,0,0.0679012345679012
"IT271",0.266400266400266,17.5158175158175,0,0.0666000666000666,1.63170163170163,0,0,0.0333000333000333,0.632700632700633,2.7972027972028,0,0.166500166500166,2.1978021978022,0,0
"SBE0008",0.107422924051993,0.0644537544311956,0,0.128907508862391,0.0966806316467934,0.0107422924051993,0.0322268772155978,0.0859383392415941,89.5584917821463,0.0322268772155978,0,0.0644537544311956,0,0.333011064561177,0.483403158233967
"IT173",0.146670577882077,90.818421824582,0,0,0,0,0,0.117336462305661,5.74948665297741,0,0,0,0,0,0
"TBE0003",0.234397890418986,32.024611778494,0,0.673893934954585,0.820392616466452,0,0,0,1.08409024318781,8.555523000293,0,0,0.791092880164078,0,0.146498681511866
"TBE0002",6.36470669713969,0.0415541242468315,0.110810997991551,0.457095366715147,1.30202922640072,0,0,1.36436041277097,0.166216496987326,5.17348846873052,0,0.893413671306877,0.318581619225708,0,0.0207770621234157
"IT85",88.4455832113226,0.164714494875549,0.5734504636408,0.183016105417277,1.29331381161542,0,0,0.0793069790141532,0.0305026842362128,0.0793069790141532,0,1.45802830649097,0,0,0
"IT11",0.0416619323561716,1.63617770707874,0,0.0151497935840624,0.231034352156952,0,0,0.0227246903760936,0.102261106692421,0.0568117259402341,0,0.018937241980078,0.0037874483960156,0,0.0151497935840624
"IT257",0,92.0539033457249,0,0.0232342007434944,0,0.0232342007434944,0,0,4.48420074349442,0.0697026022304833,0,0,0,0.0232342007434944,0
"TT0040",9.73451327433628,0,0,4.42477876106195,0,0,0,0,5.30973451327434,0,0,0,0,0,0
"TH0017",0.0517911091929219,94.6482520500647,0,0,0,0,0,0.0517911091929219,3.92749244712991,0.0172637030643073,0,0.00863185153215365,0,0.0172637030643073,0.0172637030643073
"IT52",0.194823267464514,58.1686612858336,0,0,0.111327581408294,0,0.055663790704147,0,2.39354300027832,0,0.055663790704147,0.055663790704147,0,0.0278318953520735,0.111327581408294
"TBE0008",0.48483341621084,3.30681253107907,0,0.335653903530582,0.335653903530582,0.0248632521133764,0.0745897563401293,0.0248632521133764,79.2640477374441,0.261064147190453,0.0248632521133764,0.0497265042267529,0.0621581302834411,0.174042764793635,0.273495773247141
"IT323",0.286861732644865,0.258175559380379,0,0.372920252438325,2.29489386115892,0,0,0.286861732644865,0.315547905909352,1.17613310384395,0,0.487664945496271,0.545037292025244,0,0.172117039586919
"IT339",0.623700623700624,0.415800415800416,0,0.277200277200277,1.31670131670132,0,0,13.4442134442134,0.277200277200277,1.94040194040194,0,0.346500346500347,2.35620235620236,0,0
"SBE0018",0.188300276173738,0.0376600552347477,0,0.0502134069796636,0.138086869194075,0,0.0502134069796636,0.112980165704243,74.4539291990962,0.627667587245795,0,0.0502134069796636,0.112980165704243,0.263620386643234,0.364047200602561
"IT337",0,0.925925925925926,0,0.308641975308642,0.617283950617284,0,0,24.0740740740741,0,1.54320987654321,0,1.23456790123457,0,0,0
"TTS1141",0.370400193252275,0.0644174249134391,0,1.4816007730091,0.523391577421693,0,0,0.161043562283598,0.112730493598518,4.54142845639746,0,0.136887027941058,2.47201868105323,0,0.00805217811417988
"IT103",1.33244503664224,19.8534310459694,0,0,0.0666222518321119,0,0,0.266489007328448,0.977126360204308,0.222074172773706,0,0.0666222518321119,0.244281590051077,0.0666222518321119,20.7639351543415
"SBE0003",0.224356097998744,6.27299650004487,0,1.36408507583236,2.43202010230638,0.0179484878398995,0,0.0538454635196985,0.466660683837387,3.52687786054025,0,0.421789464237638,0.0179484878398995,0.035896975679799,0.0269227317598492
"SBE0004",0.563380281690141,81.9718309859155,0,0.28169014084507,0.0563380281690141,0,0,0.225352112676056,5.91549295774648,0.112676056338028,0,0.0563380281690141,0,0,0.169014084507042
"SBE0006",0.828342041544539,13.0878042564037,0,0.223015165031222,0.745507837390085,0,0,15.1968905314133,0.624442462087422,1.42729705619982,0,0.452402191920479,2.52962915763986,0,0.0955779278705238
"TH0019",0.355463822956083,0.0343997248022016,0,0.389863547758285,9.02419447311088,0.0114665749340672,0,16.3972021557161,0,3.46290563008829,0,0.802660245384703,0.401330122692352,0,0.057332874670336
"CH0002",0.515648499606102,0.0143235694335028,0.0143235694335028,0.737663825825396,1.14588555468023,0,0,2.506624650863,0.0358089235837571,2.5209482202965,0,0.90954665902743,0.00716178471675141,0,0.0572942777340113
"TBE0010",0.95707656612529,0.319025522041763,0,0.290023201856148,7.91763341067285,0,0,0.754060324825986,0.348027842227378,3.39327146171694,0,0.638051044083527,0,0,0.0870069605568445
"TT0033",0.30265149022962,0.0263175208895322,0,2.15803671294164,3.62523850253306,0,0,0.401342193565366,0.47371537601158,4.34239094677281,0,0.697414303572603,1.46720178959142,0,0.0197381406671492
"TBE0009",0.513212491810439,0.0545970735968552,0,4.57523476741647,0.251146538545534,0,0,0.0545970735968552,0.0436776588774842,4.95741428259445,0,1.93273640532867,0.808036689233457,0,0.0327582441581131
"IT315",0.0908953188910771,83.5024996212695,0,0.0151492198151795,0.106044538706257,0,0,0,3.66611119527344,0.106044538706257,0,0.030298439630359,0,0.030298439630359,0
"TBE0016",0.0488162069807176,92.1243186071109,0,0.0325441379871451,0.0162720689935725,0,0,0.0569522414775039,4.48295500772923,0.0488162069807176,0,0,0,0.0162720689935725,0.0325441379871451
"SBE0012",94.0519375827719,0.0287902343525076,0.587320780791156,0.0287902343525076,0.0345482812230092,0.00575804687050153,0,0.0345482812230092,0.0115160937410031,0.0403063280935107,0,1.4913341394599,0.00575804687050153,0,0.0115160937410031
"TBE0006",0.0340657468915006,0.0340657468915006,0,0.672798501107137,4.98211548288196,0,0,0,0.425821836143757,2.22278998467041,0,0.0255493101686254,0.54505195026401,0,0.0681314937830012
"TBE0012",1.7277856135402,0.0201491033649003,0.00503727584122507,0.075559137618376,0.0201491033649003,0,0,31.5434213177514,0.00503727584122507,2.25669957686883,0,1.43562361474914,0.266975619584928,0,0.0352609308885755
"IT222",0.0232072406590856,89.0577860292411,0,0.0232072406590856,0,0,0,0,3.43467161754467,0.220468786261314,0,0,0.0116036203295428,0,0.116036203295428
"IT197",4.91266375545851,54.0393013100437,0,0.436681222707424,0.327510917030568,0,0,0,2.29257641921397,1.74672489082969,0,0.327510917030568,0,0,0.218340611353712
